Screen,Screen / Levels,Game Instruction/VO,Learner Interaction,Correct Feedback,Incorrect Feedback 1,Incorrect Animation 1,Incorrect Feeback 2,Incorrect Animation 2,Incorrect Feedback 3,Incorrect Animation 3,Inactivity VO/Instruction,Inactivity Animation
Screen 1,Title screen,"No voice. Soft village music starts after Start is tapped.

ON SCREEN: The Mela Before Sunset · [Start]",Tap Start.,Cycle bell rings; the story begins.,Not needed – no answer to check on this screen.,Not needed – no answer to check on this screen.,Not needed – no answer to check on this screen.,Not needed – no answer to check on this screen.,Not needed – no answer to check on this screen.,Not needed – no answer to check on this screen.,Tap Start to begin.,Start button pulses softly
Screen 2,Story – Hook screen 1,"NARRATOR: It's Mela day in Apnapur! It starts in the evening. There will be lights, sweets and a big giant wheel. The Panchayat has ₹6,00,000 to buy things for setting up shops in the Mela. All items need to be bought before the sun goes down.

BABA: Guddu, is our money enough?

GUDDU BHAIYA: Wait… 42,538 plus 23,184… carry one… Let me write it all down!",Tap Next after each line.,Next line plays.,Not needed – no answer to check on this screen.,Not needed – no answer to check on this screen.,Not needed – no answer to check on this screen.,Not needed – no answer to check on this screen.,Not needed – no answer to check on this screen.,Not needed – no answer to check on this screen.,Tap Next.,Next button pulses softly
Screen 3,Story – Hook screen 2,"NARRATOR: Guddu Bhaiya will take forever if he keeps adding like this. The sun will set soon.

AARU: Easy! The total is ten crore!

PARI: Aaru, that is a wild guess. Let's make a smart guess.

PARI: First, we change each price to a round number. Round numbers are easy to add. A smart guess like this is called an estimate.

PARI: Come! Let's go to the bazaar.",Tap Next after each line. Last tap: Go to the bazaar.,Cycle bell; the scene moves to Aakoli Bazaar.,Not needed – no answer to check on this screen.,Not needed – no answer to check on this screen.,Not needed – no answer to check on this screen.,Not needed – no answer to check on this screen.,Not needed – no answer to check on this screen.,Not needed – no answer to check on this screen.,Tap the button to go to the bazaar.,Button pulses softly
Screen 4,"Level 1 – Aakoli Bazaar
Round the price tags
(How to play)","PARI: Welcome to the bazaar! Every item category has a price tag. The prices are big and messy.
PARI: Tap the number that the price is closest to.
PARI: Every right answer lights up a marigold. Look at the sun too. Let's finish before sunset!

ON SCREEN: HUD (top of screen): level name chip on the left · 7 marigold flowers in the middle (one lights up for each correct answer) · Sunset tracker on the right (the sun moves a little after every correct answer).",Tap Next after each line.,Next line plays; the marigolds and the sun glow once as Pari names them.,Not needed – no answer to check on this screen.,Not needed – no answer to check on this screen.,Not needed – no answer to check on this screen.,Not needed – no answer to check on this screen.,Not needed – no answer to check on this screen.,Not needed – no answer to check on this screen.,Tap Next.,Next button pulses softly
Screen 5,"Level 1 – Aakoli Bazaar
Round the price tags
(Teach: try one with Pari)","MANJU MAUSI: Keep it simple, beta. Change the price to the nearest thousand.
PARI: Look at this price: ₹34,872. It is between 34,000 and 35,000. Which one is closer?
MANJU MAUSI: Look at the hundreds digit. It is 8. 8 is 5 or more, so we go up.
PARI: So ₹34,872 is about 35,000. Tap 35,000.

ON SCREEN: price tag ""Sweets – ₹34,872"" · number line 34,000 — 34,500 — 35,000 · red arrow slides to 34,872 · the hundreds digit 8 glows yellow · rule strip: Hundreds digit 5 or more → go up. Less than 5 → stay down.","Listen to Pari and Manju Mausi (tap Next). Then tap 35,000.","PARI: Yes! ₹34,872 is about ₹35,000. Now you try!
Anim: bell, button turns green, tag flips to a red stamp ""₹35,000"".",Oops! Try again. The hundreds digit is 8. 8 is 5 or more.,Red glow and wiggle on the tapped button + Gudiya bleats,"Hint: 5 or more means go up. Go up to 35,000.",Red glow and wiggle + rule strip flashes,"Tap 35,000.","Hand nudge on 35,000; the other button fades.","Which is closer, 34,000 or 35,000?",Both buttons pulse softly; the digit 8 glows
Screen 6,"Level 1 – Aakoli Bazaar
Round the price tags
(Question 1 of 7)","PARI: The diyas cost ₹12,346. Is it closer to 12,000 or 13,000? Tap the answer.

ON SCREEN: Shop 1 of 7 · price tag ""Diyas – ₹12,346"" · number line 12,000 — 12,500 — 13,000 · red arrow at 12,346. The background slides to the next shop.","Tap one of the two buttons at the ends of the number line: 12,000 or 13,000.","PARI: Yes! ₹12,346 is about ₹12,000.
Anim: bell, button turns green, tag flips to a red stamp ""₹12,000"", one marigold lights up, the sun moves a little. After 2 seconds the next shop slides in.",Oops! Try again. Look where the red arrow is on the line.,Red glow and wiggle on the tapped button + Gudiya bleats,"Hint: Look at the hundreds digit. It is 3. 3 is less than 5, so we stay down.",Red glow and wiggle + the hundreds digit on the tag glows yellow + rule strip appears,"₹12,346 is closer to 12,000. Tap 12,000.","Hand nudge on 12,000; the other button fades. The child taps it.","Look at the red arrow. Is it nearer 12,000 or 13,000?",Both answer buttons pulse softly; the red arrow bounces
Screen 7,"Level 1 – Aakoli Bazaar
Round the price tags
(Question 2 of 7)","PARI: The balloons cost ₹18,729. Is it closer to 18,000 or 19,000? Tap the answer.

ON SCREEN: Shop 2 of 7 · price tag ""Balloons – ₹18,729"" · number line 18,000 — 18,500 — 19,000 · red arrow at 18,729. The background slides to the next shop.","Tap one of the two buttons at the ends of the number line: 18,000 or 19,000.","PARI: Yes! ₹18,729 is about ₹19,000.
Anim: bell, button turns green, tag flips to a red stamp ""₹19,000"", one marigold lights up, the sun moves a little. After 2 seconds the next shop slides in.",Oops! Try again. Look where the red arrow is on the line.,Red glow and wiggle on the tapped button + Gudiya bleats,"Hint: Look at the hundreds digit. It is 7. 7 is 5 or more, so we go up.",Red glow and wiggle + the hundreds digit on the tag glows yellow + rule strip appears,"₹18,729 is closer to 19,000. Tap 19,000.","Hand nudge on 19,000; the other button fades. The child taps it.","Look at the red arrow. Is it nearer 18,000 or 19,000?",Both answer buttons pulse softly; the red arrow bounces
Screen 8,"Level 1 – Aakoli Bazaar
Round the price tags
(Question 3 of 7)","PARI: The flags cost ₹25,481. Is it closer to 25,000 or 26,000? Tap the answer.

ON SCREEN: Shop 3 of 7 · price tag ""Flags – ₹25,481"" · number line 25,000 — 25,500 — 26,000 · red arrow at 25,481. The background slides to the next shop.","Tap one of the two buttons at the ends of the number line: 25,000 or 26,000.","PARI: Yes! ₹25,481 is about ₹25,000.
Anim: bell, button turns green, tag flips to a red stamp ""₹25,000"", one marigold lights up, the sun moves a little. After 2 seconds the next shop slides in.",Oops! Try again. Look where the red arrow is on the line.,Red glow and wiggle on the tapped button + Gudiya bleats,"Hint: Look at the hundreds digit. It is 4. 4 is less than 5, so we stay down.",Red glow and wiggle + the hundreds digit on the tag glows yellow + rule strip appears,"₹25,481 is closer to 25,000. Tap 25,000.","Hand nudge on 25,000; the other button fades. The child taps it.","Look at the red arrow. Is it nearer 25,000 or 26,000?",Both answer buttons pulse softly; the red arrow bounces
Screen 9,"Level 1 – Aakoli Bazaar
Round the price tags
(Question 4 of 7)","PARI: The rangoli colours cost ₹36,652. Is it closer to 36,000 or 37,000? Tap the answer.

ON SCREEN: Shop 4 of 7 · price tag ""Rangoli colours – ₹36,652"" · number line 36,000 — 36,500 — 37,000 · red arrow at 36,652. The background slides to the next shop.","Tap one of the two buttons at the ends of the number line: 36,000 or 37,000.","PARI: Yes! ₹36,652 is about ₹37,000.
Anim: bell, button turns green, tag flips to a red stamp ""₹37,000"", one marigold lights up, the sun moves a little. After 2 seconds the next shop slides in.",Oops! Try again. Look where the red arrow is on the line.,Red glow and wiggle on the tapped button + Gudiya bleats,"Hint: Look at the hundreds digit. It is 6. 6 is 5 or more, so we go up.",Red glow and wiggle + the hundreds digit on the tag glows yellow + rule strip appears,"₹36,652 is closer to 37,000. Tap 37,000.","Hand nudge on 37,000; the other button fades. The child taps it.","Look at the red arrow. Is it nearer 36,000 or 37,000?",Both answer buttons pulse softly; the red arrow bounces
Screen 10,"Level 1 – Aakoli Bazaar
Round the price tags
(Question 5 of 7)","PARI: The chairs cost ₹47,508. Is it closer to 47,000 or 48,000? Tap the answer.

ON SCREEN: Shop 5 of 7 · price tag ""Chairs – ₹47,508"" · number line 47,000 — 47,500 — 48,000 · red arrow at 47,508. The background slides to the next shop.","Tap one of the two buttons at the ends of the number line: 47,000 or 48,000.","PARI: Yes! ₹47,508 is about ₹48,000.
Anim: bell, button turns green, tag flips to a red stamp ""₹48,000"", one marigold lights up, the sun moves a little. After 2 seconds the next shop slides in.",Oops! Try again. Look where the red arrow is on the line.,Red glow and wiggle on the tapped button + Gudiya bleats,"Hint: Look at the hundreds digit. It is 5. 5 is 5 or more, so we go up.",Red glow and wiggle + the hundreds digit on the tag glows yellow + rule strip appears,"₹47,508 is closer to 48,000. Tap 48,000.","Hand nudge on 48,000; the other button fades. The child taps it.","Look at the red arrow. Is it nearer 47,000 or 48,000?",Both answer buttons pulse softly; the red arrow bounces
Screen 11,"Level 1 – Aakoli Bazaar
Round the price tags
(Question 6 of 7)","PARI: The carpets cost ₹1,24,317. Is it closer to 1,24,000 or 1,25,000? Tap the answer.

ON SCREEN: Shop 6 of 7 · price tag ""Carpets – ₹1,24,317"" · number line 1,24,000 — 1,24,500 — 1,25,000 · red arrow at 1,24,317. The background slides to the next shop.","Tap one of the two buttons at the ends of the number line: 1,24,000 or 1,25,000.","PARI: Yes! ₹1,24,317 is about ₹1,24,000.
Anim: bell, button turns green, tag flips to a red stamp ""₹1,24,000"", one marigold lights up, the sun moves a little. After 2 seconds the next shop slides in.",Oops! Try again. Look where the red arrow is on the line.,Red glow and wiggle on the tapped button + Gudiya bleats,"Hint: Look at the hundreds digit. It is 3. 3 is less than 5, so we stay down.",Red glow and wiggle + the hundreds digit on the tag glows yellow + rule strip appears,"₹1,24,317 is closer to 1,24,000. Tap 1,24,000.","Hand nudge on 1,24,000; the other button fades. The child taps it.","Look at the red arrow. Is it nearer 1,24,000 or 1,25,000?",Both answer buttons pulse softly; the red arrow bounces
Screen 12,"Level 1 – Aakoli Bazaar
Round the price tags
(Question 7 of 7)","PARI: The giant wheel cost ₹2,38,864. Is it closer to 2,38,000 or 2,39,000? Tap the answer.

ON SCREEN: Shop 7 of 7 · price tag ""Giant wheel – ₹2,38,864"" · number line 2,38,000 — 2,38,500 — 2,39,000 · red arrow at 2,38,864. The background slides to the next shop.","Tap one of the two buttons at the ends of the number line: 2,38,000 or 2,39,000.","PARI: Yes! ₹2,38,864 is about ₹2,39,000.
Anim: bell, button turns green, tag flips to a red stamp ""₹2,39,000"", one marigold lights up, the sun moves a little. After 2 seconds the next shop slides in.",Oops! Try again. Look where the red arrow is on the line.,Red glow and wiggle on the tapped button + Gudiya bleats,"Hint: Look at the hundreds digit. It is 8. 8 is 5 or more, so we go up.",Red glow and wiggle + the hundreds digit on the tag glows yellow + rule strip appears,"₹2,38,864 is closer to 2,39,000. Tap 2,39,000.","Hand nudge on 2,39,000; the other button fades. The child taps it.","Look at the red arrow. Is it nearer 2,38,000 or 2,39,000?",Both answer buttons pulse softly; the red arrow bounces
Screen 13,"Level 1 – Aakoli Bazaar
Round the price tags
(Level complete – bridge)","AARU: All the prices are round numbers now! Yayy!
PARI: Well done! The shopkeepers sent their bills to the Panchayat office. Let's check them.

ON SCREEN: 7 of 7 done! · [Go to the office]","Tap Next, then Go to the office.",All 7 marigolds glow; cheer; the scene moves to the Panchayat office.,Not needed – no answer to check on this screen.,Not needed – no answer to check on this screen.,Not needed – no answer to check on this screen.,Not needed – no answer to check on this screen.,Not needed – no answer to check on this screen.,Not needed – no answer to check on this screen.,Tap the button to go to the office.,Button pulses softly
Screen 14,"Level 2 – Panchayat office
Add the bills
(How to play)","PARI: Look! Seven bills on Guddu Bhaiya's desk. Each bill has two prices.
PARI: Do not need to add the numbers as they are. Make each price a round number in your head. Then add the round numbers.
PARI: Choose the answer that is the closest thousand.

ON SCREEN: pile of 7 bills · HUD (top of screen): level name chip on the left · 7 marigold flowers in the middle (one lights up for each correct answer) · Sunset tracker on the right (the sun moves a little after every correct answer).",Tap Next after each line.,Next line plays; the bill pile glows once.,Not needed – no answer to check on this screen.,Not needed – no answer to check on this screen.,Not needed – no answer to check on this screen.,Not needed – no answer to check on this screen.,Not needed – no answer to check on this screen.,Not needed – no answer to check on this screen.,Tap Next.,Next button pulses softly
Screen 15,"Level 2 – Panchayat office
Add the bills
(Teach: try one with Pari)","GUDDU BHAIYA: 21,648 plus 43,315… I need my big notebook…
PARI: No need! 21,648 is about 22,000.
PARI: 43,315 is about 43,000.
PARI: Now add the round numbers. 22,000 plus 43,000 is 65,000. So the bill is about ₹65,000. Tap  ₹65,000.

ON SCREEN: example bill – Diyas ₹21,648 · Candles ₹43,315 · About total: ? · round numbers ≈ 22,000 and ≈ 43,000 appear in blue as Pari says them · buttons: About ₹55,000 / About ₹65,000 / About ₹75,000","Listen to Pari (tap Next). Then tap About ₹65,000.","PARI: Yes! The bill is about ₹65,000. Easy! Now you try.
Anim: bell, button turns green, red stamp ""About ₹65,000"" on the bill.","Oops! Try again. 22,000 plus 43,000. Count the thousands: 22 and 43.",Red glow and wiggle on the tapped button + Gudiya bleats,Hint: 22 thousand plus 43 thousand is 65 thousand.,Red glow and wiggle + the two round numbers glow yellow,"Tap About ₹65,000.","Hand nudge on About ₹65,000; other buttons fade.",Add the two round numbers.,Round numbers glow one after the other; buttons pulse
Screen 16,"Level 2 – Panchayat office
Add the bills
(Question 1 of 7)","PARI: Here is bill 1. Flowers ₹42,538 and garlands ₹23,184. What will be the total? Choose the closest number.

ON SCREEN: Bill 1 on lined paper – Flowers ₹42,538 · Garlands ₹23,184 · About total: ? · pile label ""7 bills left"" · Guddu Bhaiya keeps writing on the right.","Tap one answer: About ₹66,000 / About ₹56,000 / About ₹76,000.
(No tapping on the prices. The child makes the round numbers in their head.)","PARI: Yes! 43,000 plus 23,000 is 66,000. The bill is about ₹66,000. Look, Guddu Bhaiya is still on page one!
Anim: bell, button turns green, ≈ 43,000 and ≈ 23,000 appear in blue next to the prices, red stamp ""About ₹66,000"", the bill slides to the done pile, one marigold lights up, the sun moves a little.","Oops! Try again. First, make each price a round number in your head.",Red glow and wiggle on the tapped button + Gudiya bleats,"Hint: ₹42,538 is about 43,000. ₹23,184 is about 23,000. Now add them.","Red glow and wiggle + ≈ 43,000 and ≈ 23,000 appear in yellow next to the prices","43,000 plus 23,000 is 66,000. Tap About ₹66,000.","Hand nudge on About ₹66,000; other buttons fade. The child taps it.",Think of the round numbers. Then add them.,The two prices glow softly one after the other; answer buttons pulse
Screen 17,"Level 2 – Panchayat office
Add the bills
(Question 2 of 7)","PARI: Here is bill 2. Sweets ₹36,415 and tea ₹12,863. What will be the total? Choose the closest number.

ON SCREEN: Bill 2 on lined paper – Sweets ₹36,415 · Tea ₹12,863 · About total: ? · pile label ""6 bills left"" · Guddu Bhaiya keeps writing on the right.","Tap one answer: About ₹39,000 / About ₹59,000 / About ₹49,000.
(No tapping on the prices. The child makes the round numbers in their head.)","PARI: Yes! 36,000 plus 13,000 is 49,000. The bill is about ₹49,000.
Anim: bell, button turns green, ≈ 36,000 and ≈ 13,000 appear in blue next to the prices, red stamp ""About ₹49,000"", the bill slides to the done pile, one marigold lights up, the sun moves a little.","Oops! Try again. First, make each price a round number in your head.",Red glow and wiggle on the tapped button + Gudiya bleats,"Hint: ₹36,415 is about 36,000. ₹12,863 is about 13,000. Now add them.","Red glow and wiggle + ≈ 36,000 and ≈ 13,000 appear in yellow next to the prices","36,000 plus 13,000 is 49,000. Tap About ₹49,000.","Hand nudge on About ₹49,000; other buttons fade. The child taps it.",Think of the round numbers. Then add them.,The two prices glow softly one after the other; answer buttons pulse
Screen 18,"Level 2 – Panchayat office
Add the bills
(Question 3 of 7)","PARI: Here is bill 3. Tent ₹1,24,317 and stage ₹31,642. What will be the total? Choose the closest number.

ON SCREEN: Bill 3 on lined paper – Tent ₹1,24,317 · Stage ₹31,642 · About total: ? · pile label ""5 bills left"" · Guddu Bhaiya keeps writing on the right.","Tap one answer: About ₹1,66,000 / About ₹1,56,000 / About ₹1,46,000.
(No tapping on the prices. The child makes the round numbers in their head.)","PARI: Yes! 1,24,000 plus 32,000 is 1,56,000. The bill is about ₹1,56,000.
Anim: bell, button turns green, ≈ 1,24,000 and ≈ 32,000 appear in blue next to the prices, red stamp ""About ₹1,56,000"", the bill slides to the done pile, one marigold lights up, the sun moves a little.","Oops! Try again. First, make each price a round number in your head.",Red glow and wiggle on the tapped button + Gudiya bleats,"Hint: ₹1,24,317 is about 1,24,000. ₹31,642 is about 32,000. Now add them.","Red glow and wiggle + ≈ 1,24,000 and ≈ 32,000 appear in yellow next to the prices","1,24,000 plus 32,000 is 1,56,000. Tap About ₹1,56,000.","Hand nudge on About ₹1,56,000; other buttons fade. The child taps it.",Think of the round numbers. Then add them.,The two prices glow softly one after the other; answer buttons pulse
Screen 19,"Level 2 – Panchayat office
Add the bills
(Question 4 of 7)","PARI: Here is bill 4. Lights ₹54,276 and wires ₹18,946. What will be the total? Choose the closest number.

ON SCREEN: Bill 4 on lined paper – Lights ₹54,276 · Wires ₹18,946 · About total: ? · pile label ""4 bills left"" · Guddu Bhaiya keeps writing on the right.","Tap one answer: About ₹73,000 / About ₹83,000 / About ₹63,000.
(No tapping on the prices. The child makes the round numbers in their head.)","PARI: Yes! 54,000 plus 19,000 is 73,000. The bill is about ₹73,000.
Anim: bell, button turns green, ≈ 54,000 and ≈ 19,000 appear in blue next to the prices, red stamp ""About ₹73,000"", the bill slides to the done pile, one marigold lights up, the sun moves a little.","Oops! Try again. First, make each price a round number in your head.",Red glow and wiggle on the tapped button + Gudiya bleats,"Hint: ₹54,276 is about 54,000. ₹18,946 is about 19,000. Now add them.","Red glow and wiggle + ≈ 54,000 and ≈ 19,000 appear in yellow next to the prices","54,000 plus 19,000 is 73,000. Tap About ₹73,000.","Hand nudge on About ₹73,000; other buttons fade. The child taps it.",Think of the round numbers. Then add them.,The two prices glow softly one after the other; answer buttons pulse
Screen 20,"Level 2 – Panchayat office
Add the bills
(Question 5 of 7)","PARI: Here is bill 5. Speaker ₹47,892 and mic ₹26,354. What will be the total? Choose the closest number.

ON SCREEN: Bill 5 on lined paper – Speaker ₹47,892 · Mic ₹26,354 · About total: ? · pile label ""3 bills left"" · Guddu Bhaiya keeps writing on the right.","Tap one answer: About ₹64,000 / About ₹74,000 / About ₹84,000.
(No tapping on the prices. The child makes the round numbers in their head.)","PARI: Yes! 48,000 plus 26,000 is 74,000. The bill is about ₹74,000.
Anim: bell, button turns green, ≈ 48,000 and ≈ 26,000 appear in blue next to the prices, red stamp ""About ₹74,000"", the bill slides to the done pile, one marigold lights up, the sun moves a little.","Oops! Try again. First, make each price a round number in your head.",Red glow and wiggle on the tapped button + Gudiya bleats,"Hint: ₹47,892 is about 48,000. ₹26,354 is about 26,000. Now add them.","Red glow and wiggle + ≈ 48,000 and ≈ 26,000 appear in yellow next to the prices","48,000 plus 26,000 is 74,000. Tap About ₹74,000.","Hand nudge on About ₹74,000; other buttons fade. The child taps it.",Think of the round numbers. Then add them.,The two prices glow softly one after the other; answer buttons pulse
Screen 21,"Level 2 – Panchayat office
Add the bills
(Question 6 of 7)","PARI: Here is bill 6. Snacks ₹28,163 and plates ₹15,214. What will be the total? Choose the closest number.

ON SCREEN: Bill 6 on lined paper – Snacks ₹28,163 · Plates ₹15,214 · About total: ? · pile label ""2 bills left"" · Guddu Bhaiya keeps writing on the right.","Tap one answer: About ₹53,000 / About ₹33,000 / About ₹43,000.
(No tapping on the prices. The child makes the round numbers in their head.)","PARI: Yes! 28,000 plus 15,000 is 43,000. The bill is about ₹43,000.
Anim: bell, button turns green, ≈ 28,000 and ≈ 15,000 appear in blue next to the prices, red stamp ""About ₹43,000"", the bill slides to the done pile, one marigold lights up, the sun moves a little.","Oops! Try again. First, make each price a round number in your head.",Red glow and wiggle on the tapped button + Gudiya bleats,"Hint: ₹28,163 is about 28,000. ₹15,214 is about 15,000. Now add them.","Red glow and wiggle + ≈ 28,000 and ≈ 15,000 appear in yellow next to the prices","28,000 plus 15,000 is 43,000. Tap About ₹43,000.","Hand nudge on About ₹43,000; other buttons fade. The child taps it.",Think of the round numbers. Then add them.,The two prices glow softly one after the other; answer buttons pulse
Screen 22,"Level 2 – Panchayat office
Add the bills
(Question 7 of 7)","PARI: Here is bill 7. Food ₹33,745 and water ₹21,286. What will be the total? Choose the closest number.

ON SCREEN: Bill 7 on lined paper – Food ₹33,745 · Water ₹21,286 · About total: ? · pile label ""1 bill left"" · Guddu Bhaiya keeps writing on the right.","Tap one answer: About ₹55,000 / About ₹45,000 / About ₹65,000.
(No tapping on the prices. The child makes the round numbers in their head.)","PARI: Yes! 34,000 plus 21,000 is 55,000. The bill is about ₹55,000.
Anim: bell, button turns green, ≈ 34,000 and ≈ 21,000 appear in blue next to the prices, red stamp ""About ₹55,000"", the bill slides to the done pile, one marigold lights up, the sun moves a little.","Oops! Try again. First, make each price a round number in your head.",Red glow and wiggle on the tapped button + Gudiya bleats,"Hint: ₹33,745 is about 34,000. ₹21,286 is about 21,000. Now add them.","Red glow and wiggle + ≈ 34,000 and ≈ 21,000 appear in yellow next to the prices","34,000 plus 21,000 is 55,000. Tap About ₹55,000.","Hand nudge on About ₹55,000; other buttons fade. The child taps it.",Think of the round numbers. Then add them.,The two prices glow softly one after the other; answer buttons pulse
Screen 23,"Level 2 – Panchayat office
Add the bills
(Level complete – bridge)","GUDDU BHAIYA: All seven bills done? So fast? I am still on page two!
PARI: Bhaiya… You find out the exact amount. By that time, we will get the items for the mela shops. The shopkeepers are waiting at the Mela Ground. Let's go and pay them.

ON SCREEN: 7 of 7 done! · [Go to the Mela Ground]","Tap Next, then Go to the Mela Ground.",All 7 marigolds glow; cheer; the scene moves to the Mela Ground.,Not needed – no answer to check on this screen.,Not needed – no answer to check on this screen.,Not needed – no answer to check on this screen.,Not needed – no answer to check on this screen.,Not needed – no answer to check on this screen.,Not needed – no answer to check on this screen.,Tap the button to go to the Mela Ground.,Button pulses softly
Screen 24,"Level 3 – Mela Ground
Pay and find the money left
(How to play)","BABA: Here is the Mela money: ₹6,00,000. Seven shopkeepers will come for their money.
PARI: Each time we pay, the money gets less. Make the bill a round number in your head. Then take it away.
PARI: Choose about how much money is left.
ON SCREEN: Mela Money board ₹6,00,000 · string of 7 bulbs (all off) · HUD (top of screen): level name chip on the left · 7 marigold flowers in the middle (one lights up for each correct answer) · Sunset tracker on the right (the sun moves a little after every correct answer).",Tap Next after each line.,Next line plays; the money board and the bulbs glow once.,Not needed – no answer to check on this screen.,Not needed – no answer to check on this screen.,Not needed – no answer to check on this screen.,Not needed – no answer to check on this screen.,Not needed – no answer to check on this screen.,Not needed – no answer to check on this screen.,Tap Next.,Next button pulses softly
Screen 25,"Level 3 – Mela Ground
Pay and find the money left
(Teach: try one with Pari)","PARI: Let's try one. For example, we have ₹2,00,000. The bill is ₹38,760.
PARI: First, round off the bill. ₹38,760 is about 39,000.
Guddu Bhaiya: Let me try... It's 2,00,000 minus 38,760... borrow one...um... PARI: Now take it away. 2,00,000 minus 39,000 is 1,61,000. Tap ₹1,61,000.
 Guddu bhaiya: umm... it's 1,61,240 to be exact. But your number is so close. Good job!
ON SCREEN: Mela Money board ₹2,00,000 · example bill ₹38,760 → ≈ 39,000 appears in blue · buttons: About ₹1,61,000 / About ₹2,39,000 / About ₹1,51,000","Listen to Pari (tap Next). Then tap About ₹1,61,000.","PARI: Yes! About ₹1,61,000 is left.
BABA: Very good. Now the real money: ₹6,00,000. Let's pay!
Anim: bell, button turns green, board changes to ""About ₹1,61,000"", money bar gets shorter.","Oops! Try again. We are paying, so the money gets less.",Red glow and wiggle on the tapped button + Gudiya bleats,Hint: 200 thousand take away 39 thousand is 161 thousand.,"Red glow and wiggle + ≈ 39,000 glows yellow","Tap About ₹1,61,000.","Hand nudge on About ₹1,61,000; other buttons fade.",Take the round number away from the money.,Bill and board glow softly; buttons pulse
Screen 26,"Level 3 – Mela Ground
Pay and find the money left
(Question 1 of 7)","PARI: The flower seller wants ₹65,722. We have ₹6,00,000. About how much money is left?

ON SCREEN: Payment 1 of 7 · MELA MONEY: ₹6,00,000 · bill card ""Flower seller – ₹65,722"" · minus sign between them · 0 of 7 bulbs lit.","Tap one answer: About ₹5,34,000 / About ₹6,66,000 / About ₹5,24,000.
(No tapping on the bill. The child makes the round number in their head.)","PARI: Yes! About ₹5,34,000 is left. One more stall lights up!
Anim: coin sound + bell, button turns green, ≈ 66,000 appears next to the bill, board changes to ""About ₹5,34,000"", money bar gets shorter, one more bulb lights up, the bill card slides away, one marigold lights up.","Oops! Try again. We are paying money, so the money gets less.",Red glow and wiggle on the tapped button + Gudiya bleats,"Hint: ₹65,722 is about 66,000. Now take 66,000 away from 6,00,000.","Red glow and wiggle + ""≈ 66,000"" appears in yellow next to the bill","6,00,000 minus 66,000 is 5,34,000. Tap About ₹5,34,000.","Hand nudge on About ₹5,34,000; other buttons fade. The child taps it.",Round the bill first. Then take it away from the money.,Bill card and Mela Money board glow softly; answer buttons pulse
Screen 27,"Level 3 – Mela Ground
Pay and find the money left
(Question 2 of 7)","PARI: The sweet shop wants ₹49,278. We have about ₹5,34,000. About how much money is left?

ON SCREEN: Payment 2 of 7 · MELA MONEY: About ₹5,34,000 · bill card ""Sweet shop – ₹49,278"" · minus sign between them · 1 of 7 bulbs lit.","Tap one answer: About ₹4,75,000 / About ₹4,85,000 / About ₹5,83,000.
(No tapping on the bill. The child makes the round number in their head.)","PARI: Yes! About ₹4,85,000 is left. One more stall lights up!
Anim: coin sound + bell, button turns green, ≈ 49,000 appears next to the bill, board changes to ""About ₹4,85,000"", money bar gets shorter, one more bulb lights up, the bill card slides away, one marigold lights up.","Oops! Try again. We are paying money, so the money gets less.",Red glow and wiggle on the tapped button + Gudiya bleats,"Hint: ₹49,278 is about 49,000. Now take 49,000 away from 5,34,000.","Red glow and wiggle + ""≈ 49,000"" appears in yellow next to the bill","5,34,000 minus 49,000 is 4,85,000. Tap About ₹4,85,000.","Hand nudge on About ₹4,85,000; other buttons fade. The child taps it.",Round the bill first. Then take it away from the money.,Bill card and Mela Money board glow softly; answer buttons pulse
Screen 28,"Level 3 – Mela Ground
Pay and find the money left
(Question 3 of 7)","PARI: The tent house wants ₹1,55,959. We have about ₹4,85,000. About how much money is left?

ON SCREEN: Payment 3 of 7 · MELA MONEY: About ₹4,85,000 · bill card ""Tent house – ₹1,55,959"" · minus sign between them · 2 of 7 bulbs lit.","Tap one answer: About ₹6,41,000 / About ₹3,19,000 / About ₹3,29,000.
(No tapping on the bill. The child makes the round number in their head.)","PARI: Yes! About ₹3,29,000 is left. One more stall lights up!
Anim: coin sound + bell, button turns green, ≈ 1,56,000 appears next to the bill, board changes to ""About ₹3,29,000"", money bar gets shorter, one more bulb lights up, the bill card slides away, one marigold lights up.","Oops! Try again. We are paying money, so the money gets less.",Red glow and wiggle on the tapped button + Gudiya bleats,"Hint: ₹1,55,959 is about 1,56,000. Now take 1,56,000 away from 4,85,000.","Red glow and wiggle + ""≈ 1,56,000"" appears in yellow next to the bill","4,85,000 minus 1,56,000 is 3,29,000. Tap About ₹3,29,000.","Hand nudge on About ₹3,29,000; other buttons fade. The child taps it.",Round the bill first. Then take it away from the money.,Bill card and Mela Money board glow softly; answer buttons pulse
Screen 29,"Level 3 – Mela Ground
Pay and find the money left
(Question 4 of 7)","PARI: The light shop wants ₹73,222. We have about ₹3,29,000. About how much money is left?

ON SCREEN: Payment 4 of 7 · MELA MONEY: About ₹3,29,000 · bill card ""Light shop – ₹73,222"" · minus sign between them · 3 of 7 bulbs lit.","Tap one answer: About ₹2,56,000 / About ₹2,46,000 / About ₹4,02,000.
(No tapping on the bill. The child makes the round number in their head.)","PARI: Yes! About ₹2,56,000 is left. One more stall lights up!
Anim: coin sound + bell, button turns green, ≈ 73,000 appears next to the bill, board changes to ""About ₹2,56,000"", money bar gets shorter, one more bulb lights up, the bill card slides away, one marigold lights up.","Oops! Try again. We are paying money, so the money gets less.",Red glow and wiggle on the tapped button + Gudiya bleats,"Hint: ₹73,222 is about 73,000. Now take 73,000 away from 3,29,000.","Red glow and wiggle + ""≈ 73,000"" appears in yellow next to the bill","3,29,000 minus 73,000 is 2,56,000. Tap About ₹2,56,000.","Hand nudge on About ₹2,56,000; other buttons fade. The child taps it.",Round the bill first. Then take it away from the money.,Bill card and Mela Money board glow softly; answer buttons pulse
Screen 30,"Level 3 – Mela Ground
Pay and find the money left
(Question 5 of 7)","PARI: The sound shop wants ₹74,246. We have about ₹2,56,000. About how much money is left?

ON SCREEN: Payment 5 of 7 · MELA MONEY: About ₹2,56,000 · bill card ""Sound shop – ₹74,246"" · minus sign between them · 4 of 7 bulbs lit.","Tap one answer: About ₹1,72,000 / About ₹3,30,000 / About ₹1,82,000.
(No tapping on the bill. The child makes the round number in their head.)","PARI: Yes! About ₹1,82,000 is left. One more stall lights up!
Anim: coin sound + bell, button turns green, ≈ 74,000 appears next to the bill, board changes to ""About ₹1,82,000"", money bar gets shorter, one more bulb lights up, the bill card slides away, one marigold lights up.","Oops! Try again. We are paying money, so the money gets less.",Red glow and wiggle on the tapped button + Gudiya bleats,"Hint: ₹74,246 is about 74,000. Now take 74,000 away from 2,56,000.","Red glow and wiggle + ""≈ 74,000"" appears in yellow next to the bill","2,56,000 minus 74,000 is 1,82,000. Tap About ₹1,82,000.","Hand nudge on About ₹1,82,000; other buttons fade. The child taps it.",Round the bill first. Then take it away from the money.,Bill card and Mela Money board glow softly; answer buttons pulse
Screen 31,"Level 3 – Mela Ground
Pay and find the money left
(Question 6 of 7)","PARI: The snack stall wants ₹43,377. We have about ₹1,82,000. About how much money is left?

ON SCREEN: Payment 6 of 7 · MELA MONEY: About ₹1,82,000 · bill card ""Snack stall – ₹43,377"" · minus sign between them · 5 of 7 bulbs lit.","Tap one answer: About ₹2,25,000 / About ₹1,39,000 / About ₹1,29,000.
(No tapping on the bill. The child makes the round number in their head.)","PARI: Yes! About ₹1,39,000 is left. One more stall lights up!
Anim: coin sound + bell, button turns green, ≈ 43,000 appears next to the bill, board changes to ""About ₹1,39,000"", money bar gets shorter, one more bulb lights up, the bill card slides away, one marigold lights up.","Oops! Try again. We are paying money, so the money gets less.",Red glow and wiggle on the tapped button + Gudiya bleats,"Hint: ₹43,377 is about 43,000. Now take 43,000 away from 1,82,000.","Red glow and wiggle + ""≈ 43,000"" appears in yellow next to the bill","1,82,000 minus 43,000 is 1,39,000. Tap About ₹1,39,000.","Hand nudge on About ₹1,39,000; other buttons fade. The child taps it.",Round the bill first. Then take it away from the money.,Bill card and Mela Money board glow softly; answer buttons pulse
Screen 32,"Level 3 – Mela Ground
Pay and find the money left
(Question 7 of 7)","PARI: The food stall wants ₹55,031. We have about ₹1,39,000. About how much money is left?

ON SCREEN: Payment 7 of 7 · MELA MONEY: About ₹1,39,000 · bill card ""Food stall – ₹55,031"" · minus sign between them · 6 of 7 bulbs lit.","Tap one answer: About ₹83,000 / About ₹1,94,000 / About ₹74,000.
(No tapping on the bill. The child makes the round number in their head.)","PARI: Yes! About ₹83,000 is left. We paid everyone!
Anim: coin sound + bell, button turns green, ≈ 55,000 appears next to the bill, board changes to ""About ₹83,000"", money bar gets shorter, one more bulb lights up, the bill card slides away, one marigold lights up.","Oops! Try again. We are paying money, so the money gets less.",Red glow and wiggle on the tapped button + Gudiya bleats,"Hint: ₹55,031 is about 55,000. Now take 55,000 away from 1,39,000.","Red glow and wiggle + ""≈ 55,000"" appears in yellow next to the bill","1,39,000 minus 55,000 is 83,000. Tap ₹83,000.","Hand nudge on About ₹83,000; other buttons fade. The child taps it.",Round the bill first. Then take it away from the money.,Bill card and Mela Money board glow softly; answer buttons pulse
Screen 33,Ending – Sunset at the Mela,"NARRATOR: The sun goes down. The Mela lights are finally on! The giant wheel starts to turn. We bought everything, and there is still money left.

GUDDU BHAIYA: I finished! Exactly ₹83,380 is left.

PARI: We said about ₹83,000. That is nearly the same!

AARU: Yayy! Now jalebees for everyone!

NARRATOR: The Sarpanch gives you a gold badge.",Tap Next after each line. Last tap: Get my badge.,All 7 bulbs glow; festive music; the badge screen opens.,Not needed – no answer to check on this screen.,Not needed – no answer to check on this screen.,Not needed – no answer to check on this screen.,Not needed – no answer to check on this screen.,Not needed – no answer to check on this screen.,Not needed – no answer to check on this screen.,Tap Get my badge.,Button pulses softly
Screen 34,Ending – Badge,"NARRATOR: You are Apnapur's Smart Guess Star!

ON SCREEN: You saved the Mela! · Smart Guess Star! Bravo! [Play again]",Tap Play again (optional).,"Badge spins in, confetti, bell. Play again restarts from Hook screen 1.",Not needed – no answer to check on this screen.,Not needed – no answer to check on this screen.,Not needed – no answer to check on this screen.,Not needed – no answer to check on this screen.,Not needed – no answer to check on this screen.,Not needed – no answer to check on this screen.,"Well done, Smart Guess Star!",Badge shines softly
